datetime,open,high,low,close,volume
2006-01-05,4714.2,4782.64,4670.55,4760.45,0.0
2006-01-12,4629.64,4659.0,4592.0,4635.35,0.0
2006-01-19,4447.64,4513.6,4447.64,4489.0,0.0
2006-01-25,4493.2,4577.05,4477.3,4494.95,0.0
2006-02-02,4542.14,4542.14,4426.85,4441.05,0.0
2006-02-08,4580.0,4580.0,4501.75,4563.85,0.0
2006-02-16,4542.05,4569.89,4479.35,4548.1,0.0
2006-02-23,4462.5,4478.35,4378.1,4394.89,0.0
2006-03-02,4579.8,4686.39,4560.89,4656.35,0.0
2006-03-09,4555.64,4595.25,4491.1,4587.35,0.0
2006-03-16,4697.8,4738.35,4688.89,4710.5,0.0
2006-03-23,4621.95,4664.0,4594.85,4626.0,0.0
2006-03-30,4678.64,4709.1,4628.35,4638.45,0.0
2006-04-05,4829.45,4895.89,4829.45,4873.0,0.0
2006-04-13,4574.3,4584.8,4408.64,4467.1,0.0
2006-04-20,4626.55,4644.35,4592.2,4624.3,0.0
2006-04-27,4514.14,4562.14,4415.6,4435.8,0.0
2006-05-04,4780.35,4960.75,4780.35,4935.3,0.0
2006-05-11,5047.14,5074.39,4966.35,4991.35,0.0
2006-05-18,4853.64,4853.64,4483.45,4539.5,0.0
2006-05-25,4274.89,4316.8,4187.39,4271.95,0.0
2006-06-01,4130.85,4206.35,4056.75,4075.5,0.0
2006-06-08,3966.3,3966.3,3666.95,3704.35,0.0
2006-06-15,3551.1,3676.85,3534.9,3661.85,0.0
2006-06-22,3686.4,3850.15,3686.4,3829.45,0.0
2006-06-29,3610.65,3668.15,3571.25,3596.2,0.0
2006-07-06,3807.4,3807.4,3742.65,3761.25,0.0
2006-07-13,3688.85,3706.8,3659.4,3676.4,0.0
2006-07-20,3472.0,3626.95,3472.0,3602.45,0.0
2006-07-27,3920.15,3960.6,3844.0,3945.7,0.0
2006-08-03,4097.95,4192.95,4097.95,4152.6,0.0
2006-08-10,4336.35,4378.85,4302.35,4370.55,0.0
2006-08-17,4453.1,4471.39,4394.3,4410.3,0.0
2006-08-24,4377.7,4442.1,4332.8,4428.35,0.0
2006-08-31,4612.0,4633.05,4580.45,4594.85,0.0
2006-09-07,4683.55,4683.55,4627.95,4647.3,0.0
2006-09-14,4853.2,4913.05,4835.1,4896.35,0.0
2006-09-21,4925.0,4990.89,4925.0,4972.95,0.0
2006-09-28,5123.64,5350.65,5118.75,5327.6,0.0
2006-10-05,5215.85,5350.65,5215.85,5334.7,0.0
2006-10-12,5208.85,5285.3,5142.0,5270.4,0.0
2006-10-19,5410.15,5430.65,5300.0,5334.85,0.0
2006-10-26,5282.8,5482.4,5265.2,5460.1,0.0
2006-11-02,5586.0,5677.25,5586.0,5658.75,0.0
2006-11-09,5615.5,5670.35,5599.3,5656.35,0.0
2006-11-16,6039.2,6268.25,6039.2,6175.05,0.0
2006-11-23,6153.0,6177.55,6082.8,6157.1,0.0
2006-11-30,6144.2,6227.3,6143.55,6198.3,0.0
2006-12-07,6220.25,6284.15,6182.55,6259.5,0.0
2006-12-14,5754.8,5877.4,5754.8,5849.75,0.0
2006-12-21,5787.6,5810.95,5712.0,5777.9,0.0
2006-12-28,6036.35,6060.85,5994.55,6027.8,0.0
2007-01-04,6077.15,6122.4,5982.45,6008.45,0.0
2007-01-11,5720.55,5816.5,5684.7,5748.75,0.0
2007-01-18,6239.2,6292.9,6154.9,6189.5,0.0
2007-01-25,6094.05,6126.4,6051.25,6107.6,0.0
2007-02-01,5976.25,6152.25,5951.05,6115.2,0.0
2007-02-08,6148.65,6231.45,6146.75,6208.7,0.0
2007-02-15,5702.35,5852.5,5702.35,5841.65,0.0
2007-02-22,5825.45,5854.4,5627.55,5647.65,0.0
2007-03-01,5262.35,5406.35,5213.35,5388.95,0.0
2007-03-08,5031.85,5246.5,4999.25,5217.85,0.0
2007-03-15,5048.05,5141.8,4949.64,4965.0,0.0
2007-03-22,5349.45,5568.3,5349.45,5554.75,0.0
2007-03-29,5298.9,5309.9,5164.05,5273.2,0.0
2007-04-05,5035.89,5151.25,4985.3,5129.2,0.0
2007-04-12,5241.14,5241.14,5176.45,5215.14,0.0
2007-04-19,5485.2,5587.3,5382.2,5540.3,0.0
2007-04-26,5886.95,5975.0,5862.85,5880.95,0.0
2007-05-03,5656.25,5721.9,5651.05,5693.4,0.0
2007-05-10,5664.2,5742.65,5628.1,5644.95,0.0
2007-05-17,6179.0,6292.05,6179.0,6270.9,0.0
2007-05-24,6285.45,6313.75,6183.7,6208.7,0.0
2007-05-31,6255.5,6345.3,6255.5,6324.5,0.0
2007-06-07,6301.95,6352.3,6204.7,6236.45,0.0
2007-06-14,6106.9,6157.2,6085.2,6122.05,0.0
2007-06-21,6486.4,6562.25,6438.75,6536.25,0.0
2007-06-28,6509.1,6538.15,6487.85,6521.35,0.0
2007-07-05,6845.25,6902.8,6739.5,6818.35,0.0
2007-07-12,6812.05,6931.5,6812.05,6916.05,0.0
2007-07-19,7099.15,7157.7,7082.1,7137.9,0.0
2007-07-26,7024.9,7032.95,6904.7,6933.3,0.0
2007-08-02,6630.85,6819.45,6612.05,6759.15,0.0
2007-08-09,7001.5,7110.55,6805.6,6837.2,0.0
2007-08-16,6456.2,6509.3,6293.65,6305.75,0.0
2007-08-23,6303.45,6397.15,6061.55,6090.25,0.0
2007-08-30,6581.4,6609.45,6532.9,6572.45,0.0
2007-09-06,6718.9,6878.3,6673.75,6868.85,0.0
2007-09-13,6789.3,6912.05,6789.3,6904.2,0.0
2007-09-20,7404.95,7462.9,7343.6,7390.15,0.0
2007-09-27,7804.55,7866.5,7747.1,7833.65,0.0
2007-10-04,8083.3,8086.7,7828.65,8035.9,0.0
2007-10-11,8054.3,8177.75,8005.5,8158.8,0.0
2007-10-18,8055.15,8192.45,7519.7,7608.75,0.0
2007-10-25,8228.2,8528.25,8185.55,8428.65,0.0
2007-11-01,9220.4,9358.0,9032.7,9198.6,0.0
2007-11-08,9090.79,9090.79,8816.95,8876.25,0.0
2007-11-15,9560.2,9601.45,9422.35,9454.7,0.0
2007-11-22,8835.25,9084.2,8650.0,8998.79,0.0
2007-11-29,9124.79,9273.25,9063.25,9124.4,0.0
2007-12-06,9644.79,9759.7,9559.75,9620.15,0.0
2007-12-13,10088.4,10123.2,9891.9,9920.45,0.0
2007-12-20,9275.65,9332.85,9205.35,9245.45,0.0
2007-12-27,9810.0,9842.65,9746.79,9785.04,0.0
2008-01-03,10164.0,10265.6,10070.79,10100.7,0.0
2008-01-10,10442.29,10624.2,10239.35,10266.85,0.0
2008-01-17,10404.7,10420.25,10123.7,10261.5,0.0
2008-01-24,9369.1,9630.54,8960.2,9133.85,0.0
2008-01-31,9442.2,9505.35,9147.25,9226.25,0.0
2008-02-07,9225.29,9283.35,8925.9,8960.45,0.0
2008-02-14,8911.6,9163.2,8911.6,9125.2,0.0
2008-02-21,9143.79,9260.1,8768.15,8946.2,0.0
2008-02-28,8683.85,8757.15,8496.79,8608.25,0.0
2008-03-05,7696.8,7734.9,7519.1,7588.35,0.0
2008-03-13,7226.8,7226.8,6840.65,6914.65,0.0
2008-03-19,6718.3,6849.9,6379.2,6456.55,0.0
2008-03-27,7075.9,7105.7,6941.05,6969.3,0.0
2008-04-03,6769.9,6836.1,6697.0,6746.1,0.0
2008-04-10,7090.6,7090.6,6853.5,6872.85,0.0
2008-04-17,7045.4,7213.8,7030.45,7165.05,0.0
2008-04-24,7408.35,7446.75,7362.6,7391.9,0.0
2008-04-30,7765.25,7804.2,7575.45,7629.0,0.0
2008-05-08,7671.85,7671.85,7502.1,7518.8,0.0
2008-05-15,7325.15,7524.7,7325.15,7508.15,0.0
2008-05-22,7283.6,7288.65,7132.3,7147.3,0.0
2008-05-29,6826.5,6847.9,6526.5,6576.75,0.0
2008-06-05,6151.35,6238.8,5974.1,6211.8,0.0
2008-06-12,5796.65,6024.1,5703.1,5999.35,0.0
2008-06-19,6159.35,6159.35,5933.9,5957.25,0.0
2008-06-26,5536.15,5600.3,5425.75,5512.15,0.0
2008-07-03,4993.5,4993.5,4721.75,4851.35,0.0
2008-07-10,5251.45,5363.55,5210.05,5339.0,0.0
2008-07-17,4906.35,5066.45,4872.45,5034.75,0.0
2008-07-24,6445.3,6468.4,6103.1,6213.6,0.0
2008-07-31,5762.4,5762.4,5573.6,5730.05,0.0
2008-08-07,6281.5,6442.55,6281.5,6363.15,0.0
2008-08-14,6305.1,6305.1,6010.05,6030.05,0.0
2008-08-21,6001.65,6002.2,5692.65,5711.55,0.0
2008-08-28,5817.8,5848.5,5686.6,5721.15,0.0
2008-09-04,6439.85,6528.5,6324.25,6494.65,0.0
2008-09-11,6342.8,6431.95,6246.55,6332.25,0.0
2008-09-18,5692.65,6101.8,5551.7,6077.2,0.0
2008-09-25,6131.55,6146.45,5969.7,6080.2,0.0
2008-10-01,5875.55,6040.15,5671.7,5982.4,0.0
2008-10-08,5336.0,5336.0,4918.3,5222.6,0.0
2008-10-16,5222.0,5565.35,5145.8,5481.65,0.0
2008-10-23,4904.55,5189.89,4880.6,4932.39,0.0
2008-10-29,4451.7,4459.39,4236.0,4280.45,0.0
2008-11-06,4949.75,5137.39,4873.45,4940.0,0.0
2008-11-12,4875.1,4970.35,4685.85,4748.14,0.0
2008-11-20,4078.1,4181.7,3972.15,4086.9,0.0
2008-11-26,4086.5,4298.35,4005.35,4267.89,0.0
2008-12-04,4224.95,4460.75,4224.95,4446.64,0.0
2008-12-11,4557.05,4681.1,4485.2,4597.14,0.0
2008-12-18,4785.2,5142.89,4782.6,5122.95,0.0
2008-12-24,4824.95,4962.1,4793.7,4930.25,0.0
2009-01-01,5019.2,5135.14,5019.2,5116.55,0.0
2009-01-07,5416.35,5440.55,4954.0,4984.55,0.0
2009-01-15,4598.39,4598.39,4442.7,4484.64,0.0
2009-01-22,4326.25,4339.55,4216.95,4289.8,0.0
2009-01-29,4345.45,4487.85,4336.95,4362.05,0.0
2009-02-05,4278.5,4284.64,4202.39,4235.35,0.0
2009-02-12,4476.05,4530.0,4456.85,4468.35,0.0
2009-02-13,4511.35,4602.14,4511.35,4565.85,0.0
2009-03-05,3635.55,3667.35,3413.5,3446.35,0.0
2009-03-12,3422.85,3467.75,3380.7,3442.55,0.0
2009-03-19,3759.25,3802.1,3668.15,3763.5,0.0
2009-03-26,4179.25,4311.7,4167.2,4285.14,0.0
2009-04-02,4322.2,4489.85,4322.2,4426.05,0.0
2009-04-09,4566.7,4639.5,4445.25,4584.8,0.0
2009-04-16,5079.2,5169.2,4892.05,4915.75,0.0
2009-04-23,4825.2,5013.89,4725.7,4968.39,0.0
2009-04-29,4958.0,5158.05,4958.0,5130.95,0.0
2009-05-07,5551.8,5591.15,5481.35,5577.3,0.0
2009-05-14,5415.55,5515.95,5330.5,5495.1,0.0
2009-05-21,7124.4,7215.7,6904.6,6934.55,0.0
2009-05-28,7202.35,7376.05,7143.4,7338.6,0.0
2009-06-04,7176.8,7362.55,7111.95,7349.9,0.0
2009-06-11,7368.85,7368.85,7176.4,7251.65,0.0
2009-06-18,7082.75,7251.95,6967.0,7081.15,0.0
2009-06-25,7158.95,7239.95,7100.25,7123.0,0.0
2009-07-02,7466.6,7468.7,7285.85,7397.95,0.0
2009-07-09,6654.7,6747.8,6542.4,6672.75,0.0
2009-07-16,7028.5,7066.1,6859.3,6912.4,0.0
2009-07-23,7421.35,7513.75,7369.3,7473.5,0.0
2009-07-30,7208.0,7428.55,7178.25,7389.7,0.0
2009-08-06,7596.4,7690.95,7445.35,7471.8,0.0
2009-08-13,7293.4,7489.25,7293.4,7472.4,0.0
2009-08-20,7168.55,7308.65,7168.55,7261.2,0.0
2009-08-27,7395.5,7438.05,7366.85,7385.65,0.0
2009-09-03,7358.0,7423.4,7324.7,7351.0,0.0
2009-09-10,7862.05,7944.65,7794.4,7828.3,0.0
2009-09-17,8446.1,8495.95,8398.7,8433.35,0.0
2009-09-24,8355.7,8584.2,8341.1,8545.0,0.0
2009-10-01,8835.29,8911.75,8787.0,8861.04,0.0
2009-10-08,8790.95,8881.95,8720.25,8834.6,0.0
2009-10-15,9157.1,9313.9,9155.25,9296.75,0.0
2009-10-22,9244.5,9250.0,9057.1,9090.1,0.0
2009-10-29,8541.65,8552.75,8370.15,8417.85,0.0
2009-11-05,8521.54,8564.25,8319.5,8537.2,0.0
2009-11-12,9323.75,9332.65,9024.9,9084.79,0.0
2009-11-19,9210.2,9210.2,8992.5,9041.65,0.0
2009-11-26,9291.54,9291.54,9045.35,9067.65,0.0
2009-12-03,9370.65,9435.9,9294.75,9345.25,0.0
2009-12-04,9263.2,9338.7,9195.54,9245.04,0.0
2009-12-17,8659.35,8757.5,8586.95,8697.2,0.0
2009-12-24,8957.4,9012.45,8895.6,8968.1,0.0
2009-12-31,9014.75,9093.65,9002.45,9029.5,0.0
2010-01-07,9240.25,9261.85,9153.25,9192.95,0.0
2010-01-14,8952.0,9040.0,8883.1,8910.79,0.0
2010-01-21,9093.0,9098.1,8889.04,8919.29,0.0
2010-01-28,8396.5,8496.1,8354.25,8423.85,0.0
2010-02-04,8591.79,8623.25,8455.5,8471.1,0.0
2010-02-11,8327.7,8451.95,8327.7,8381.4,0.0
2010-02-18,8574.75,8602.0,8523.35,8573.9,0.0
2010-02-25,8520.6,8554.95,8469.65,8537.79,0.0
2010-03-04,9055.95,9068.95,8965.25,9013.79,0.0
2010-03-11,9114.65,9219.2,9087.35,9186.85,0.0
2010-03-18,9214.1,9287.6,9172.04,9252.29,0.0
2010-03-25,9191.4,9342.0,9165.5,9318.25,0.0
2010-04-01,9464.15,9523.4,9445.54,9507.75,0.0
2010-04-08,9676.7,9676.7,9492.29,9520.0,0.0
2010-04-15,9501.6,9575.25,9330.79,9344.6,0.0
2010-04-22,9534.04,9739.1,9500.15,9623.25,0.0
2010-04-29,9652.6,9822.04,9652.6,9803.79,0.0
2010-05-06,9588.85,9627.45,9449.75,9582.0,0.0
2010-05-13,9788.35,9849.04,9748.85,9773.35,0.0
2010-05-20,9208.29,9251.95,9108.2,9174.6,0.0
2010-05-27,9007.29,9292.15,8954.35,9258.45,0.0
2010-06-03,9290.35,9404.1,9288.5,9387.7,0.0
2010-06-10,9233.54,9367.45,9215.35,9346.45,0.0
2010-06-17,9582.95,9636.79,9446.29,9613.4,0.0
2010-06-24,9706.9,9731.5,9617.7,9673.6,0.0
2010-07-01,9403.95,9412.79,9303.04,9349.4,0.0
2010-07-08,9516.7,9615.15,9516.7,9566.6,0.0
2010-07-15,9967.25,9995.75,9885.54,9932.1,0.0
2010-07-22,9954.9,10069.2,9914.85,10060.25,0.0
2010-07-29,10038.6,10207.2,10032.04,10179.7,0.0
2010-08-05,10444.6,10539.65,10441.5,10454.9,0.0
2010-08-12,10308.15,10614.2,10308.15,10583.65,0.0
2010-08-19,10920.4,11126.95,10895.85,11110.5,0.0
2010-08-26,10941.8,11042.15,10941.8,10981.7,0.0
2010-09-02,10931.4,11001.65,10931.4,10980.6,0.0
2010-09-09,11223.65,11468.75,11223.65,11446.7,0.0
2010-09-16,11960.65,12236.85,11960.6,12032.05,0.0
2010-09-23,12312.55,12327.8,12111.4,12146.3,0.0
2010-09-30,12210.75,12410.6,12178.9,12366.35,0.0
2010-10-07,12638.4,12650.25,12512.85,12536.6,0.0
2010-10-14,12785.95,12827.35,12532.4,12598.85,0.0
2010-10-21,12219.0,12458.15,12190.5,12435.8,0.0
2010-10-28,12226.7,12291.15,12052.05,12105.3,0.0
2010-11-04,12987.3,13204.55,12952.15,13182.9,0.0
2010-11-11,13014.2,13068.55,12782.0,12823.6,0.0
2010-11-18,12630.9,12630.9,12050.35,12315.15,0.0
2010-11-25,11897.9,11962.1,11608.3,11652.4,0.0
2010-12-02,12411.0,12535.85,12389.65,12472.6,0.0
2010-12-09,11470.65,11534.0,11043.95,11116.05,0.0
2010-12-16,11231.15,11484.95,11147.45,11424.15,0.0
2010-12-23,11510.5,11541.05,11432.15,11469.05,0.0
2010-12-30,11605.05,11662.1,11573.7,11629.3,0.0
2011-01-06,11350.7,11377.1,11164.75,11186.8,0.0
2011-01-13,11125.95,11127.95,10676.5,10716.65,0.0
2011-01-20,10579.25,10878.8,10493.25,10798.35,0.0
2011-01-27,10946.4,10970.85,10639.85,10676.15,0.0
2011-02-03,10460.95,10704.3,10429.5,10670.6,0.0
2011-02-10,10106.25,10227.75,10017.85,10074.1,0.0
2011-02-17,10996.25,11190.2,10918.1,11134.7,0.0
2011-02-24,10603.25,10643.25,10169.0,10210.75,0.0
2011-03-03,10805.0,11066.4,10759.7,10914.5,0.0
2011-03-10,10920.65,10920.65,10783.3,10850.25,0.0
2011-03-17,10881.85,11018.3,10824.4,10851.95,0.0
2011-03-24,11001.75,11112.6,11001.75,11070.35,0.0
2011-03-31,11804.95,11898.4,11569.25,11705.45,0.0
2011-04-07,11724.75,11825.0,11656.7,11754.4,0.0
2011-04-13,11531.45,11856.35,11490.55,11839.5,0.0
2011-04-21,11857.45,11926.05,11836.95,11894.75,0.0
2011-04-28,11851.75,11855.2,11659.5,11684.8,0.0
2011-05-05,10909.05,10987.6,10677.3,10730.1,0.0
2011-05-12,11009.3,11076.0,10865.15,10887.45,0.0
2011-05-19,10661.45,10674.7,10524.35,10558.35,0.0
2011-05-26,10404.04,10501.9,10379.25,10468.29,0.0
2011-06-02,10872.25,10881.4,10802.35,10839.25,0.0
2011-06-09,10775.45,10850.35,10734.75,10785.4,0.0
2011-06-16,10550.65,10706.0,10502.4,10572.15,0.0
2011-06-23,10453.1,10553.35,10421.65,10526.45,0.0
2011-06-30,11183.25,11271.35,11149.2,11244.65,0.0
2011-07-07,11298.0,11446.55,11232.15,11426.1,0.0
2011-07-14,11121.4,11385.35,11072.5,11263.8,0.0
2011-07-21,11159.1,11193.05,11021.7,11049.8,0.0
2011-07-28,10902.6,10954.25,10799.85,10828.5,0.0
2011-08-04,10682.45,10765.95,10515.05,10537.05,0.0
2011-08-11,10419.4,10516.9,10323.5,10338.79,0.0
2011-08-18,9987.6,10002.29,9564.95,9601.5,0.0
2011-08-25,9393.35,9401.15,9134.95,9177.25,0.0
2011-08-30,9466.29,9565.29,9355.15,9533.4,0.0
2011-09-08,9888.54,9940.25,9749.2,9920.04,0.0
2011-09-15,9569.35,9708.79,9390.1,9660.35,0.0
2011-09-22,9756.2,9756.2,9489.7,9520.6,0.0
2011-09-29,9467.54,9688.65,9406.35,9653.4,0.0
2011-10-05,8930.75,8991.79,8626.45,8701.29,0.0
2011-10-13,9594.0,9685.04,9547.1,9591.25,0.0
2011-10-20,9722.85,9763.79,9618.35,9746.4,0.0
2011-10-26,9574.54,9607.29,9523.7,9546.6,0.0
2011-11-03,9743.85,9814.65,9648.65,9782.5,0.0
2011-11-09,9896.15,9896.15,9565.1,9592.65,0.0
2011-11-17,9049.29,9124.9,8899.65,8930.9,0.0
2011-11-24,8412.54,8504.4,8276.75,8472.5,0.0
2011-12-01,8872.79,9033.85,8821.5,8895.29,0.0
2011-12-08,9126.45,9153.4,8871.25,8915.7,0.0
2011-12-15,8449.45,8509.5,8375.65,8445.1,0.0
2011-12-22,8106.2,8415.7,8064.15,8384.65,0.0
2011-12-29,8050.3,8137.4,7986.75,8027.4,0.0
2012-01-05,8421.5,8516.15,8394.25,8454.9,0.0
2012-01-12,8831.45,9015.25,8830.25,8930.25,0.0
2012-01-19,9106.79,9212.85,9106.79,9199.4,0.0
2012-01-25,9871.95,9905.5,9762.5,9856.6,0.0
2012-02-02,10012.95,10090.2,9776.54,9992.04,0.0
2012-02-09,10267.25,10546.4,10267.25,10507.6,0.0
2012-02-16,10896.05,10940.8,10780.05,10921.9,0.0
2012-02-23,10693.75,10852.65,10621.8,10713.35,0.0
2012-03-01,10385.15,10385.15,10160.25,10288.9,0.0
2012-03-07,10030.25,10169.45,9939.95,10132.85,0.0
2012-03-15,10894.45,10894.45,10556.4,10595.0,0.0
2012-03-22,10525.0,10583.75,10135.85,10173.54,0.0
2012-03-29,9859.25,9988.54,9845.4,9927.65,0.0
2012-04-04,10345.15,10371.85,10267.95,10340.1,0.0
2012-04-12,10250.7,10432.79,10250.7,10400.7,0.0
2012-04-19,10536.95,10594.9,10438.65,10567.9,0.0
2012-04-26,10171.85,10193.9,10083.5,10128.0,0.0
2012-05-03,10231.7,10255.85,10100.25,10126.54,0.0
2012-05-10,9411.75,9580.4,9362.1,9410.9,0.0
2012-05-17,9199.5,9328.5,9113.65,9154.2,0.0
2012-05-24,9277.25,9463.7,9198.75,9437.6,0.0
2012-05-31,9414.35,9479.35,9360.04,9441.0,0.0
2012-06-07,9830.5,9974.7,9787.95,9950.9,0.0
2012-06-14,10073.5,10096.75,9813.65,9836.95,0.0
2012-06-21,9795.95,10046.9,9769.29,10033.65,0.0
2012-06-28,10023.9,10052.2,9950.1,10003.85,0.0
2012-07-05,10520.05,10651.2,10468.75,10641.9,0.0
2012-07-12,10640.15,10676.0,10557.35,10616.3,0.0
2012-07-19,10684.4,10708.6,10606.6,10622.05,0.0
2012-07-26,10306.5,10314.04,10056.15,10083.79,0.0
2012-08-02,10408.95,10417.5,10310.85,10379.6,0.0
2012-08-09,10572.4,10614.2,10425.15,10445.9,0.0
2012-08-16,10537.95,10551.05,10405.7,10426.75,0.0
2012-08-23,10508.75,10560.85,10413.29,10457.7,0.0
2012-08-30,9978.2,10130.9,9959.04,10085.2,0.0
2012-09-06,9846.54,9947.45,9831.35,9893.15,0.0
2012-09-13,10213.85,10259.4,10171.25,10207.79,0.0
2012-09-20,10907.7,11031.8,10887.0,10920.8,0.0
2012-09-27,11466.25,11490.25,11378.35,11419.45,0.0
2012-10-04,11460.15,11685.55,11460.15,11636.05,0.0
2012-10-11,11334.9,11476.95,11244.7,11431.3,0.0
2012-10-18,11406.45,11594.6,11364.2,11586.35,0.0
2012-10-25,11542.3,11643.4,11542.3,11614.5,0.0
2012-11-01,11266.5,11349.4,11230.2,11315.05,0.0
2012-11-08,11561.35,11637.95,11533.3,11613.55,0.0
2012-11-15,11493.1,11530.25,11419.05,11521.4,0.0
2012-11-22,11497.35,11570.85,11495.05,11508.35,0.0
2012-11-29,11706.9,12035.4,11703.25,11992.8,0.0
2012-12-06,12358.35,12480.6,12142.6,12427.55,0.0
2012-12-13,12337.35,12438.85,12251.05,12269.15,0.0
2012-12-20,12514.6,12514.6,12385.1,12486.5,0.0
2012-12-27,12516.05,12523.5,12436.65,12459.7,0.0
2013-01-03,12828.3,12837.8,12722.45,12778.15,0.0
2013-01-10,12775.25,12822.8,12697.75,12802.25,0.0
2013-01-17,12608.85,12714.6,12583.35,12649.6,0.0
2013-01-24,12624.45,12662.85,12534.25,12561.4,0.0
2013-01-31,12741.3,12852.5,12688.75,12708.6,0.0
2013-02-07,12372.5,12474.5,12305.45,12349.3,0.0
2013-02-14,12400.65,12434.0,12284.5,12311.3,0.0
2013-02-21,12295.15,12301.25,12036.45,12055.5,0.0
2013-02-28,12007.0,12041.45,11401.2,11487.35,0.0
2013-03-07,11829.2,11989.85,11819.6,11970.25,0.0
2013-03-14,11772.45,12058.55,11555.45,12020.75,0.0
2013-03-21,11285.65,11512.1,11209.65,11238.35,0.0
2013-03-28,11188.95,11413.25,11080.05,11361.85,0.0
2013-04-04,11243.2,11254.25,11105.1,11126.25,0.0
2013-04-11,11220.5,11341.85,11154.05,11306.5,0.0
2013-04-18,11902.55,12313.0,11891.95,12288.25,0.0
2013-04-25,12632.25,12755.8,12611.5,12726.85,0.0
2013-05-02,12554.7,12783.3,12552.85,12709.95,0.0
2013-05-09,12663.75,12718.9,12541.8,12596.3,0.0
2013-05-16,13022.25,13281.8,13022.25,13239.45,0.0
2013-05-23,12907.9,12944.0,12594.9,12636.5,0.0
2013-05-30,12738.15,12829.55,12721.45,12805.9,0.0
2013-06-06,12225.35,12475.05,12184.05,12398.4,0.0
2013-06-13,11693.9,11793.3,11656.9,11686.75,0.0
2013-06-20,11677.35,11677.35,11347.55,11375.4,0.0
2013-06-27,11225.5,11277.05,11164.75,11235.75,0.0
2013-07-04,11389.65,11454.3,11273.6,11381.2,0.0
2013-07-11,11541.95,11710.45,11541.95,11655.3,0.0
2013-07-18,11033.5,11236.85,10837.75,11187.7,0.0
2013-07-25,10667.05,10772.7,10594.6,10614.0,0.0
2013-08-01,10130.1,10219.4,9867.6,10142.95,0.0
2013-08-08,9780.54,9909.75,9724.79,9816.4,0.0
2013-08-14,10010.15,10071.25,9912.35,10026.4,0.0
2013-08-22,9194.85,9373.79,9005.25,9268.9,0.0
2013-08-29,8897.0,8958.35,8759.85,8904.6,0.0
2013-09-05,9253.45,9704.6,9253.45,9682.4,0.0
2013-09-12,10338.29,10358.25,10070.95,10158.54,0.0
2013-09-19,10984.5,11219.45,10984.5,11148.65,0.0
2013-09-26,10091.4,10189.4,10051.2,10098.25,0.0
2013-10-03,9946.29,10241.45,9888.7,10222.95,0.0
2013-10-10,10309.2,10372.04,10199.54,10288.95,0.0
2013-10-17,10406.04,10416.2,10274.35,10336.54,0.0
2013-10-24,10839.45,11091.6,10839.45,10902.45,0.0
2013-10-31,11211.3,11512.5,11170.05,11473.15,0.0
2013-11-07,11320.85,11398.6,11024.75,11054.9,0.0
2013-11-14,10660.65,10891.9,10660.65,10811.2,0.0
2013-11-21,10866.3,10866.3,10657.85,10706.9,0.0
2013-11-28,10994.25,11062.15,10843.0,10906.75,0.0
2013-12-05,11469.35,11685.55,11469.35,11665.1,0.0
2013-12-12,11736.25,11781.7,11622.7,11635.5,0.0
2013-12-19,11505.55,11505.55,11040.15,11087.45,0.0
2013-12-26,11335.8,11426.45,11317.45,11385.75,0.0
2014-01-02,11383.8,11578.9,11150.2,11183.2,0.0
2014-01-09,11068.9,11090.25,10925.15,10970.45,0.0
2014-01-16,11187.35,11192.8,11070.0,11092.55,0.0
2014-01-23,11183.75,11221.1,11122.35,11199.0,0.0
2014-01-30,10287.85,10314.25,10101.2,10153.15,0.0
2014-02-06,10257.1,10321.5,10107.79,10205.2,0.0
2014-02-13,10360.7,10386.65,10113.79,10135.7,0.0
2014-02-20,10515.3,10525.7,10419.1,10428.29,0.0
2014-02-26,10659.2,10758.65,10659.2,10730.4,0.0
2014-03-06,11147.6,11303.2,11117.25,11278.35,0.0
2014-03-13,12062.35,12308.7,12062.35,12141.45,0.0
2014-03-20,12160.65,12160.65,11989.95,12017.25,0.0
2014-03-27,12560.9,12767.5,12513.1,12604.95,0.0
2014-04-03,12749.85,12754.75,12518.0,12563.85,0.0
2014-04-10,12937.4,13055.6,12881.2,12949.4,0.0
2014-04-17,12564.55,12819.1,12514.8,12787.25,0.0
2014-04-23,12961.35,13176.05,12957.9,13122.1,0.0
2014-04-30,12946.1,13100.75,12738.6,12855.85,0.0
2014-05-08,12982.75,13095.5,12952.5,13037.4,0.0
2014-05-15,14186.1,14301.3,14159.1,14236.55,0.0
2014-05-22,15009.9,15204.45,14938.25,15055.55,0.0
2014-05-29,15169.25,15254.5,15007.5,15030.3,0.0
2014-06-05,15250.6,15337.15,15152.4,15282.15,0.0
2014-06-12,15456.25,15518.75,15293.4,15464.85,0.0
2014-06-19,15282.05,15332.75,14976.15,15067.4,0.0
2014-06-26,15247.1,15333.25,15020.65,15050.0,0.0
2014-07-03,15512.75,15554.7,15431.5,15451.65,0.0
2014-07-10,14940.0,15371.05,14621.95,14821.7,0.0
2014-07-17,15258.95,15301.95,15156.0,15269.05,0.0
2014-07-24,15471.35,15559.1,15410.2,15534.35,0.0
2014-07-31,15447.9,15499.5,15233.0,15267.6,0.0
2014-08-07,15004.85,15135.1,14956.85,14986.85,0.0
2014-08-14,14954.2,15144.75,14940.3,15089.65,0.0
2014-08-21,15475.5,15721.95,15462.5,15662.2,0.0
2014-08-28,15758.05,15794.6,15688.15,15740.4,0.0
2014-09-04,16102.9,16114.75,15926.65,16033.55,0.0
2014-09-11,16197.3,16309.7,16166.85,16204.15,0.0
2014-09-18,15778.75,16173.8,15770.8,16156.85,0.0
2014-09-25,15690.5,15734.1,15213.35,15299.05,0.0
2014-10-01,15370.7,15377.6,15270.95,15316.2,0.0
2014-10-09,15434.35,15795.65,15434.35,15741.2,0.0
2014-10-16,15690.35,15836.15,15477.05,15541.6,0.0
2014-10-23,16508.4,16524.9,16444.05,16470.05,0.0
2014-10-30,16606.5,16776.34,16561.34,16760.05,0.0
2014-11-05,17201.45,17425.2,17157.8,17352.95,0.0
2014-11-13,17645.3,17651.0,17389.65,17453.0,0.0
2014-11-20,17649.34,17681.8,17546.7,17645.05,0.0
2014-11-27,17988.7,18054.65,17898.4,18022.5,0.0
2014-12-04,18758.8,18793.15,18575.34,18782.84,0.0
2014-12-11,18427.5,18529.65,18218.4,18405.0,0.0
2014-12-18,18238.0,18356.3,18109.34,18326.59,0.0
2014-12-24,18582.75,18709.15,18493.3,18535.34,0.0
2015-01-01,18728.2,18781.55,18638.84,18750.45,0.0
2015-01-08,18587.09,18752.3,18486.2,18701.4,0.0
2015-01-15,19340.45,19410.4,19061.34,19235.65,0.0
2015-01-22,19898.5,19964.25,19788.7,19917.65,0.0
2015-01-29,20475.7,20579.0,20338.95,20528.59,0.0
2015-02-05,19174.0,19444.65,18977.9,19051.9,0.0
2015-02-12,18940.8,19176.8,18739.85,19128.6,0.0
2015-02-19,19296.5,19377.45,18876.25,19188.3,0.0
2015-02-26,18733.05,18795.1,18489.6,18538.1,0.0
2015-03-05,19643.9,19830.35,19398.75,19748.0,0.0
2015-03-12,19044.0,19255.9,19044.0,19141.85,0.0
2015-03-19,19147.25,19373.45,18739.85,18811.15,0.0
2015-03-26,18310.1,18310.1,17733.6,17831.65,0.0
2015-04-01,18206.65,18668.85,18131.4,18617.85,0.0
2015-04-09,18523.35,18894.75,18401.45,18875.85,0.0
2015-04-16,18731.65,18731.65,18504.7,18637.05,0.0
2015-04-23,18350.35,18433.8,18143.75,18245.6,0.0
2015-04-30,18318.85,18430.05,18163.9,18338.1,0.0
2015-05-07,17751.4,17751.4,17246.55,17376.9,0.0
2015-05-14,18071.0,18156.95,17806.1,18116.2,0.0
2015-05-21,18593.85,18603.8,18398.65,18513.15,0.0
2015-05-28,18562.75,18639.65,18381.75,18449.2,0.0
2015-06-04,17634.35,17777.9,17469.65,17719.2,0.0
2015-06-11,17819.6,17821.9,17264.2,17304.4,0.0
2015-06-18,17661.9,17797.35,17630.65,17733.55,0.0
2015-06-25,18312.85,18539.15,18278.7,18492.9,0.0
2015-07-02,18605.1,18642.85,18513.3,18585.55,0.0
2015-07-09,18442.15,18584.0,18409.2,18508.7,0.0
2015-07-16,18870.5,19195.4,18867.5,19168.05,0.0
2015-07-23,18990.85,19091.45,18819.25,18865.0,0.0
2015-07-30,18383.0,18521.75,18367.2,18440.4,0.0
2015-08-06,18946.3,19100.55,18830.4,19029.35,0.0
2015-08-13,18314.0,18341.9,18080.5,18175.4,0.0
2015-08-20,18533.25,18711.35,18219.9,18283.1,0.0
2015-08-27,17175.65,17249.5,17061.85,17214.4,0.0
2015-09-03,16404.95,16607.4,16320.55,16555.4,0.0
2015-09-10,16351.75,16711.55,16192.25,16597.65,0.0
2015-09-16,16885.2,17015.75,16780.5,16964.85,0.0
2015-09-24,17206.1,17282.75,17070.85,17196.65,0.0
2015-10-01,17362.95,17390.6,17112.0,17150.2,0.0
2015-10-08,17622.85,17622.85,17401.2,17474.3,0.0
2015-10-15,17604.45,17752.7,17582.85,17686.1,0.0
2015-10-21,17814.55,17891.75,17565.35,17710.55,0.0
2015-10-29,17388.4,17395.15,17178.85,17212.2,0.0
2015-11-05,17166.45,17166.45,16957.35,16995.1,0.0
2015-11-11,16836.0,17016.8,16836.0,16956.0,0.0
2015-11-19,16944.35,17110.35,16874.7,17071.9,0.0
2015-11-26,16988.2,17111.45,16972.6,17036.55,0.0
2015-12-03,17137.8,17219.0,17080.25,17110.1,0.0
2015-12-10,16697.2,16745.25,16573.15,16711.05,0.0
2015-12-17,16704.05,16771.8,16544.65,16741.5,0.0
2015-12-24,16926.95,16939.6,16756.9,16811.0,0.0
2015-12-31,16916.05,16972.25,16896.65,16922.2,0.0
2016-01-07,16256.55,16256.55,16049.75,16073.85,0.0
2016-01-14,15612.1,15803.2,15453.4,15609.8,0.0
2016-01-21,15132.2,15364.6,14918.15,15101.2,0.0
2016-01-28,15569.55,15572.2,15349.75,15381.45,0.0
2016-02-04,14969.2,14978.35,14761.4,14869.15,0.0
2016-02-11,14518.65,14530.8,13969.85,14028.55,0.0
2016-02-18,14301.75,14385.65,14180.9,14298.15,0.0
2016-02-25,13844.45,13844.45,13519.9,13555.7,0.0
2016-03-03,15150.05,15206.25,15000.05,15177.75,0.0
2016-03-10,15347.45,15354.15,15098.5,15180.65,0.0
2016-03-17,15622.3,15704.75,15312.5,15444.0,0.0
2016-03-23,15884.25,15919.6,15799.95,15887.75,0.0
2016-03-31,16134.4,16282.75,16062.05,16141.65,0.0
2016-04-07,15668.95,15726.6,15458.05,15530.75,0.0
2016-04-13,16087.95,16349.7,16080.55,16278.55,0.0
2016-04-21,16526.55,16769.55,16526.55,16637.15,0.0
2016-04-28,16885.8,17023.35,16692.7,16716.9,0.0
2016-05-05,16292.4,16398.25,16193.7,16281.0,0.0
2016-05-12,16881.25,16962.0,16779.5,16923.7,0.0
2016-05-19,16725.45,16726.15,16535.75,16565.25,0.0
2016-05-26,17037.6,17424.05,16971.35,17359.3,0.0
2016-06-02,17405.15,17596.4,17350.45,17567.8,0.0
2016-06-09,17955.8,17986.15,17801.55,17887.7,0.0
2016-06-16,17827.6,17827.6,17545.8,17671.3,0.0
2016-06-23,17630.8,17907.5,17611.0,17892.45,0.0
2016-06-30,17825.3,17975.05,17795.9,17935.4,0.0
2016-07-07,18036.3,18146.55,17997.1,18084.9,0.0
2016-07-14,18633.5,18880.9,18580.2,18863.75,0.0
2016-07-21,18967.4,19000.3,18644.55,18674.3,0.0
2016-07-28,19050.4,19126.75,18998.8,19076.55,0.0
2016-08-04,18724.9,18724.9,18443.65,18571.7,0.0
2016-08-11,18621.0,18699.2,18537.1,18640.4,0.0
2016-08-18,19087.2,19367.45,19083.0,19352.8,0.0
2016-08-25,19383.7,19432.75,19282.8,19304.25,0.0
2016-09-01,19805.8,19928.2,19738.3,19788.85,0.0
2016-09-08,20439.2,20477.4,20335.2,20417.25,0.0
2016-09-15,19927.6,19955.4,19730.25,19837.55,0.0
2016-09-22,20153.1,20264.8,19996.9,20109.6,0.0
2016-09-29,19762.3,19793.2,19059.05,19183.65,0.0
2016-10-06,19518.55,19570.7,19325.8,19395.05,0.0
2016-10-13,19295.55,19295.55,18824.4,18954.25,0.0
2016-10-20,19493.9,19722.85,19479.25,19658.7,0.0
2016-10-27,19452.0,19544.2,19252.1,19514.6,0.0
2016-11-03,19201.95,19319.65,19119.3,19178.7,0.0
2016-11-10,19827.5,20283.15,19787.45,20200.25,0.0
2016-11-17,19115.9,19328.75,19009.85,19087.85,0.0
2016-11-24,18476.0,18476.35,18215.8,18256.1,0.0
2016-12-01,18676.75,18713.1,18389.65,18428.45,0.0
2016-12-08,18342.6,18558.75,18336.95,18515.45,0.0
2016-12-15,18143.5,18532.0,18122.1,18401.15,0.0
2016-12-22,18027.0,18029.6,17839.75,17891.45,0.0
2016-12-29,17861.45,18053.3,17829.4,18033.15,0.0
2017-01-05,18000.75,18164.05,17977.8,18115.95,0.0
2017-01-12,18885.45,18966.3,18805.85,18873.95,0.0
2017-01-19,19165.35,19185.3,19046.1,19124.25,0.0
2017-01-25,19120.05,19518.45,19114.15,19473.2,0.0
2017-02-02,20053.95,20146.9,19915.2,20070.3,0.0
2017-02-09,20312.65,20406.6,20000.35,20151.15,0.0
2017-02-16,20243.25,20295.55,20088.2,20243.7,0.0
2017-02-23,20887.65,21011.9,20828.4,20876.65,0.0
2017-03-02,20885.0,20905.0,20516.9,20560.05,0.0
2017-03-09,20620.55,20780.25,20603.9,20721.35,0.0
2017-03-16,21237.5,21289.8,21194.25,21249.9,0.0
2017-03-23,20848.75,20934.75,20775.35,20895.5,0.0
2017-03-30,21374.35,21696.0,21331.9,21620.7,0.0
2017-04-06,21572.7,21674.0,21488.9,21622.95,0.0
2017-04-13,21651.25,21758.85,21627.0,21686.6,0.0
2017-04-20,21419.45,21558.85,21396.0,21491.4,0.0
2017-04-27,22274.05,22380.85,22169.8,22326.3,0.0
2017-05-04,22618.3,22743.7,22449.9,22720.1,0.0
2017-05-11,22916.05,22977.85,22764.65,22818.45,0.0
2017-05-18,22750.45,22834.55,22660.2,22698.6,0.0
2017-05-25,22573.65,23267.8,22570.35,23190.8,0.0
2017-06-01,23394.1,23396.15,23224.05,23310.15,0.0
2017-06-08,23630.35,23659.1,23514.2,23536.1,0.0
2017-06-15,23444.7,23473.3,23311.85,23391.75,0.0
2017-06-22,23716.85,23897.85,23694.15,23736.1,0.0
2017-06-29,23312.4,23476.0,23124.35,23227.3,0.0
2017-07-06,23399.5,23540.15,23369.5,23466.65,0.0
2017-07-13,23817.25,23938.0,23811.0,23888.65,0.0
2017-07-20,24170.65,24299.6,24170.65,24213.35,0.0
2017-07-27,24857.5,25032.25,24799.4,24922.4,0.0
2017-08-03,25002.85,25005.15,24619.6,24675.05,0.0
2017-08-10,24300.45,24326.9,23822.2,24217.35,0.0
2017-08-17,24495.2,24496.2,24121.55,24237.25,0.0
2017-08-24,24374.75,24411.05,24224.85,24274.2,0.0
2017-08-31,24354.35,24354.35,24207.7,24318.4,0.0
2017-09-07,24324.85,24413.1,24246.9,24304.9,0.0
2017-09-14,24857.25,24994.3,24815.5,24912.25,0.0
2017-09-21,24934.1,24992.5,24706.45,24799.25,0.0
2017-09-28,23804.05,24074.2,23611.1,24008.15,0.0
2017-10-05,24114.75,24188.3,24033.35,24058.05,0.0
2017-10-12,24151.45,24393.4,23978.4,24361.25,0.0
2017-10-19,24238.4,24255.3,23923.7,24009.75,0.0
2017-10-26,24953.95,25186.05,24864.6,25022.2,0.0
2017-11-02,25508.4,25598.75,25405.5,25427.3,0.0
2017-11-09,25281.0,25385.2,25166.15,25291.35,0.0
2017-11-16,25292.9,25496.05,25273.7,25446.6,0.0
2017-11-23,25826.3,25838.55,25620.95,25736.25,0.0
2017-11-30,25693.8,25700.85,25246.85,25332.4,0.0
2017-12-07,24935.3,25097.4,24875.35,25057.25,0.0
2017-12-14,25062.4,25205.9,24888.65,25168.2,0.0
2017-12-21,25608.25,25629.95,25508.9,25554.3,0.0
2017-12-28,25463.6,25561.95,25417.4,25490.0,0.0
2018-01-04,25367.65,25490.35,25310.3,25462.6,0.0
2018-01-11,25628.2,25694.65,25532.25,25660.9,0.0
2018-01-18,26762.25,26887.65,26423.75,26537.4,0.0
2018-01-25,27414.1,27522.85,27151.75,27445.65,0.0
2018-02-01,27334.85,27613.5,27046.35,27220.7,0.0
2018-02-08,25759.85,26126.4,25637.4,25920.65,0.0
2018-02-15,25360.9,25615.15,25295.15,25424.35,0.0
2018-02-22,24812.7,24987.05,24781.7,24955.2,0.0
2018-03-01,25022.35,25226.05,24854.4,24902.55,0.0
2018-03-08,24273.9,24534.5,24048.55,24477.65,0.0
2018-03-15,24854.3,24939.85,24732.0,24791.85,0.0
2018-03-22,24252.95,24314.4,24094.85,24141.5,0.0
2018-03-28,24299.5,24361.0,24203.4,24263.35,0.0
2018-04-05,24394.45,24824.9,24380.85,24759.8,0.0
2018-04-12,25076.9,25244.8,24969.4,25195.1,0.0
2018-04-19,25206.45,25207.3,25049.7,25126.15,0.0
2018-04-26,24833.2,25064.0,24753.4,25010.9,0.0
2018-05-03,25547.9,25653.45,25469.05,25605.25,0.0
2018-05-10,26216.1,26266.4,26057.2,26131.0,0.0
2018-05-17,26233.2,26283.55,26012.0,26073.8,0.0
2018-05-24,25722.9,26073.1,25658.4,26016.8,0.0
2018-05-31,26587.0,27164.55,26354.55,26956.2,0.0
2018-06-07,26577.95,26766.95,26483.9,26517.8,0.0
2018-06-14,26612.3,26623.25,26503.1,26562.25,0.0
2018-06-21,26645.3,26682.95,26454.95,26496.95,0.0
2018-06-28,26398.1,26487.85,26161.0,26324.6,0.0
2018-07-05,26481.55,26598.45,26415.2,26503.3,0.0
2018-07-12,26937.5,27164.8,26936.05,27026.55,0.0
2018-07-19,26960.2,27025.45,26730.1,26789.65,0.0
2018-07-26,27054.7,27455.1,27045.05,27406.4,0.0
2018-08-02,27469.5,27487.9,27327.95,27355.95,0.0
2018-08-09,28173.65,28363.4,28132.0,28320.0,0.0
2018-08-16,27836.15,28013.1,27779.5,27826.55,0.0
2018-08-23,28321.95,28325.45,27965.35,28027.9,0.0
2018-08-30,28233.7,28233.7,27961.75,28103.25,0.0
2018-09-06,27464.25,27552.8,27246.25,27468.7,0.0
2018-09-12,26895.15,26895.15,26555.15,26819.2,0.0
2018-09-19,26532.0,26611.6,26235.7,26277.35,0.0
2018-09-27,25442.1,25452.5,25007.05,25042.15,0.0
2018-10-04,24735.15,24893.4,24501.05,24819.3,0.0
2018-10-11,24541.75,24940.1,24493.7,24783.95,0.0
2018-10-17,25839.1,25915.35,25101.95,25188.6,0.0
2018-10-25,24841.5,24977.35,24696.85,24817.45,0.0
2018-11-01,25285.2,25401.6,25129.45,25323.65,0.0
2018-11-07,25818.1,25824.4,25698.1,25737.5,0.0
2018-11-15,25946.2,26197.6,25728.0,26154.75,0.0
2018-11-22,26233.65,26323.95,25947.85,25999.45,0.0
2018-11-29,26641.6,27003.75,26577.15,26939.6,0.0
2018-12-06,26339.1,26359.9,26149.45,26198.3,0.0
2018-12-13,26844.15,26951.45,26723.65,26816.35,0.0
2018-12-20,27128.65,27309.1,27084.5,27275.1,0.0
2018-12-27,27200.65,27239.95,26845.1,26878.55,0.0
2019-01-03,27181.6,27206.2,26923.75,26959.85,0.0
2019-01-10,27713.55,27713.55,27488.2,27528.55,0.0
2019-01-17,27568.6,27611.55,27335.15,27528.75,0.0
2019-01-24,27273.5,27342.35,27142.8,27266.4,0.0
2019-01-31,26969.15,27325.05,26891.05,27295.45,0.0
2019-02-07,27424.1,27589.75,27322.95,27387.15,0.0
2019-02-14,26978.0,27030.0,26818.05,26970.6,0.0
2019-02-21,26994.75,27100.9,26973.0,27052.4,0.0
2019-02-28,26878.0,26920.5,26762.55,26789.9,0.0
2019-03-07,27661.0,27815.5,27560.0,27764.6,0.0
2019-03-14,29028.9,29070.35,28819.75,28923.1,0.0
2019-03-20,29769.65,29885.2,29633.5,29832.2,0.0
2019-03-28,30064.8,30496.05,29969.1,30420.55,0.0
2019-04-04,30147.3,30245.7,29809.9,29904.9,0.0
2019-04-11,29841.85,29852.25,29640.25,29786.1,0.0
2019-04-18,30656.5,30669.8,30142.2,30223.4,0.0
2019-04-25,29927.05,30057.7,29511.95,29561.35,0.0
2019-05-02,29699.8,29919.35,29638.8,29708.6,0.0
2019-05-09,28893.95,29040.3,28784.65,28884.6,0.0
2019-05-16,28625.9,28947.6,28525.45,28855.3,0.0
2019-05-23,30962.8,31705.0,30292.35,30409.1,0.0
2019-05-30,31256.85,31619.25,31236.1,31537.1,0.0
2019-06-06,31523.95,31541.5,30800.8,30857.4,0.0
2019-06-13,30876.75,31036.9,30638.25,30976.1,0.0
2019-06-20,30390.2,30824.55,30220.7,30781.1,0.0
2019-06-27,31192.1,31490.6,31158.8,31269.5,0.0
2019-07-04,31471.0,31608.35,31428.05,31471.85,0.0
2019-07-11,30707.0,30788.05,30565.35,30716.55,0.0
2019-07-18,30705.8,30769.35,30378.6,30430.6,0.0
2019-07-25,28981.05,29240.8,28931.05,29043.05,0.0
2019-08-01,28660.5,28819.7,28047.35,28367.25,0.0
2019-08-08,27840.1,28227.55,27531.05,28110.45,0.0
2019-08-14,27885.5,28107.05,27726.65,28019.2,0.0
2019-08-22,27690.05,27690.05,26975.55,27034.2,0.0
2019-08-29,27694.95,27719.05,27239.95,27305.2,0.0
2019-09-05,27086.95,27243.95,26815.4,26919.7,0.0
2019-09-12,27870.8,28062.3,27764.7,27818.5,0.0
2019-09-19,27175.45,27175.45,26643.0,26757.65,0.0
2019-09-26,29640.55,30718.35,29627.0,30002.6,0.0
2019-10-03,28606.7,28769.1,28240.8,28414.1,0.0
2019-10-10,28542.95,28552.75,27914.15,28013.45,0.0
2019-10-17,28596.35,29049.05,28487.95,28989.45,0.0
2019-10-24,29604.35,29693.25,28994.2,29107.95,0.0
2019-10-31,30168.65,30415.65,29987.15,30066.25,0.0
2019-11-07,30722.6,30821.35,30462.55,30633.15,0.0
2019-11-14,30615.8,30789.2,30338.35,30749.95,0.0
2019-11-21,31413.25,31463.15,31243.0,31349.95,0.0
2019-11-28,31981.7,32157.05,31905.9,32122.95,0.0
2019-12-05,32083.8,32126.95,31628.3,31712.95,0.0
2019-12-12,31356.8,31711.45,31352.1,31665.45,0.0
2019-12-19,32281.65,32328.35,32085.05,32241.45,0.0
